Peptide#,DRAMP_ID,Size,Sequence,Name,TORSDOF,Docking Score,Interacting Residues,colour
4707.0,DRAMP18641,6.0,TWWRWW,KCM11,26.0,-6.2,"HIS168,ARG239,ASN236,THR137,THR169",red
4021.0,DRAMP04173,5.0,WLLKW,L2KW2 (LlKmW2 model peptides),23.0,-5.8,"HIS168,ARG239,ASN236",red
4583.0,DRAMP18503,8.0,WKSYVRRW,TSG-11 (Ixosin-B peptide derivative),39.0,-5.6,"HIS168,ARG239,LEU96,LEU96,PRO94,PRO94",red
4785.0,DRAMP18719,7.0,DDDDDDD,"SAAP fraction 3 (Surfactant-associated anionic peptides; Asp-rich; sheep, ruminant, mammals, animals)",28.0,-5.3,"HIS168,ARG239,ASN236,GLN143",red
1437.0,DRAMP18337,6.0,ATQSHQ,S. amritsarensis lipopeptide (Bacteriocin),24.0,-5.1,"HIS168,ARG239,GLN143,ASP139",red
5494.0,DRAMP21437,7.0,KKlKafa,peptide 14 (Derived from B1),33.0,-5.0,"HIS168,ARG239,LEU96",red
5496.0,DRAMP21439,7.0,KKKlafa,peptide 16 (Derived from B1),33.0,-5.0,"HIS168,ARG239,GLN143,ILE235",red
4708.0,DRAMP18642,6.0,KWRWIW,KCM12,29.0,-6.3,"HIS168,HIS168,GLN143,TYR233",green
1218.0,DRAMP04174,7.0,KWLKKWL,L2K3W2 (LlKmW2 model peptides),37.0,-5.0,"HIS168,HIS168,ASN236,GLN143,GLN143,THR137,PRO94",green
5482.0,DRAMP21425,7.0,KKGKGGG,peptide 2 (Derived from B1),29.0,-4.9,"HIS168,HIS168,GLN143,ALA95",green
5508.0,DRAMP21451,7.0,KKKlaya,peptide 28 (Derived from B1),34.0,-4.9,"HIS168,HIS168,GLN143,ILE235",green
4934.0,DRAMP20873,5.0,GLLKR,Pal-ano-5 (Pal-anoplin peptide derivative),23.0,-4.5,"HIS168,HIS168,GLN143",green
4931.0,DRAMP20870,8.0,GLLKRIKT,Pal-ano-8 (Pal-anoplin peptide derivative),38.0,-4.4,"HIS168,HIS168,ASN236,ASN236,GLN143",green
4710.0,DRAMP18644,6.0,WRWFIH,KRS22,26.0,-6.0,"HIS168,GLN143",yellow
2442.0,DRAMP18309,6.0,WAIVLL,Baceridin(Bacteriocin),21.0,-5.9,"HIS168,GLN143",yellow
1005.0,DRAMP03881,6.0,RRWWWR,LFB-6RW (derivative of bovine lactoferrin with residues substitution),30.0,-5.8,"HIS168,ASP139",yellow
3475.0,DRAMP18218,6.0,TVVTNA,Fusaricidin A (Bacteriocin),20.0,-5.8,"HIS168,GLN143",yellow
4709.0,DRAMP18643,6.0,KWWWRW,KCM21,29.0,-5.8,"HIS168,ASN236,GLN143,ASP139,PRO94,PRO94",yellow
696.0,DRAMP18371,9.0,VGVGGGFGR,"Crinicepsin-1 (insects, arthropods, invertebrates, animals)",26.0,-5.8,"HIS168,ASN236,GLN143",yellow
5492.0,DRAMP21435,7.0,AFALKKK,peptide 12 (Derived from B1),33.0,-5.7,"HIS168,GLN143,THR137,PRO94",yellow
3059.0,DRAMP18247,8.0,DWTXWSXL,Bacthuricin F4(Bacteriocin),28.0,-5.7,"HIS168,GLN143,ILE235",yellow
3366.0,DRAMP18226,7.0,LLDVLLE,Gageostatin A (Bacteriocin),28.0,-5.6,"HIS168,GLN143,ASP139,ALA172",yellow
996.0,DRAMP03869,8.0,RRWVIWRR,Bac8d (Bac2A variant),39.0,-5.6,"HIS168,ASN236,LEU96",yellow
3461.0,DRAMP18221,6.0,TVYTQA,Fusaricidin D (Bacteriocin),23.0,-5.5,"HIS168,GLN143,ASP139",yellow
1219.0,DRAMP04175,7.0,KWLLKWL,L3K2W2 (LlKmW2 model peptides),34.0,-5.5,"HIS168,GLN143,ILE235",yellow
3308.0,DRAMP18228,7.0,LLDVLLE,Gageostatin C (Bacteriocin),28.0,-5.5,"HIS168,ASN236,GLN143,ARG98",yellow
3292.0,DRAMP02930,6.0,HSPGGA,"Antimicrobial protein 2 (crabs, Arthropods, animals)",15.0,-5.4,"HIS168,ASN236,GLN143,THR137",yellow
1087.0,DRAMP03989,7.0,LLKWLLK,L4K2W4 (LlKmWn model peptide),34.0,-5.4,"HIS168,GLN143",yellow
5501.0,DRAMP21444,7.0,afalKKK,peptide 21 (Derived from B1),33.0,-5.4,"HIS168,GLN143,ILE235",yellow
5491.0,DRAMP21434,7.0,AFAKLKK,peptide 11 (Derived from B1),33.0,-5.3,"HIS168,GLN143,PRO94",yellow
187.0,DRAMP03542,10.0,HKTDSFVGLM,"Neurokinin A (NKA; chicken, animals)",41.0,-5.2,"HIS168,GLN143,GLY170",yellow
168.0,DRAMP01351,12.0,RVCFAIPLPICH,"Tigerinin-2 (Frogs, amphibians, animals)",41.0,-5.2,"HIS168,GLN143,ASP139,ASP139,ASP139",yellow
4020.0,DRAMP04172,5.0,WLKKW,LK2W2 (LlKmW2 model peptides),26.0,-5.1,HIS168,yellow
5244.0,DRAMP21214,6.0,irikir,IK6-all D (Derived from IK8-all L),31.0,-5.1,"HIS168,GLN143",yellow
3296.0,DRAMP18230,4.0,LLLE,Gageotetrin B (Bacteriocin),17.0,-5.0,"HIS168,ASN236,ASN236,GLN143",yellow
3298.0,DRAMP18232,4.0,LLEL,Gageopeptide A(Bacteriocin),17.0,-5.0,"HIS168,GLN143",yellow
5487.0,DRAMP21430,7.0,KKKLAFA,peptide 7 (Derived from B1),33.0,-5.0,"HIS168,ASN236,GLN143",yellow
5497.0,DRAMP21440,7.0,KKlKafa,peptide 17 (Derived from B1),33.0,-5.0,"HIS168,GLN143,ILE235,GLY234",yellow
3240.0,DRAMP18234,4.0,LLEL,Gageopeptide C(Bacteriocin),17.0,-4.9,"HIS168,GLN143",yellow
5241.0,DRAMP21215,4.0,irik,IK4-all D (Derived from IK8-all L),21.0,-4.9,"HIS168,GLN143",yellow
5505.0,DRAMP21448,7.0,KKKlaya,peptide 25 (Derived from B1),34.0,-4.9,"HIS168,GLN143,ASP139,THR137,ALA95,PRO94",yellow
782.0,DRAMP02999,8.0,PFKISIHL,"Jellein-1 (Jelleine-I; chain of Major royal jelly protein 1; Insects, animals)",32.0,-4.9,"HIS168,ASN236,GLN143",yellow
3297.0,DRAMP18231,4.0,LLLE,Gageotetrin C (Bacteriocin),17.0,-4.8,"HIS168,ASN236,GLN143",yellow
51.0,DRAMP00766,7.0,KVFLGLK,JCpep7 (Plants),31.0,-4.8,"HIS168,ARG239,GLN143,ASP139",yellow
5483.0,DRAMP21426,7.0,KKKGGGG,peptide 3 (Derived from B1),29.0,-4.8,"HIS168,GLN143",yellow
5499.0,DRAMP21442,7.0,afalKKK,peptide 19 (Derived from B1),33.0,-4.8,"HIS168,GLN143",yellow
5363.0,DRAMP21305,8.0,RRRRRRRR,R8 (De novo synthesis),48.0,-4.8,"HIS168,GLN143,ASP139,ILE235",yellow
5485.0,DRAMP21428,7.0,GGGKGKK,peptide 5 (Derived from B1),29.0,-4.7,"HIS168,ASN236,PRO94,GLY170",yellow
5242.0,DRAMP21216,8.0,IrIkIrIk,IK8-4D (Derived from IK8-all L),42.0,-4.7,"HIS168,GLN143",yellow
3219.0,DRAMP18235,4.0,LLEL,Gageopeptide D(Bacteriocin),17.0,-4.6,"HIS168,GLN143",yellow
3239.0,DRAMP18233,4.0,LLLE,Gageopeptide B(Bacteriocin),17.0,-4.6,"HIS168,GLN143",yellow
4674.0,DRAMP18612,7.0,KIIKVVK,LL-III/10 (Lasioglossin LL-III peptide derivative),35.0,-4.6,"HIS168,GLN143,ASP139",yellow
5489.0,DRAMP21432,7.0,KKKLAFA,peptide 9 (Derived from B1),33.0,-4.5,"HIS168,GLN143,ALA95",yellow
5502.0,DRAMP21445,7.0,KKKLAYA,peptide 22 (Derived from B1),34.0,-4.5,"HIS168,GLN143,THR137,PRO94,GLY170,ILE235",yellow
4932.0,DRAMP20871,7.0,GLLKRIK,Pal-ano-7 (Pal-anoplin peptide derivative),34.0,-4.3,"HIS168,GLN143",yellow
5509.0,DRAMP21452,7.0,KKKLAFA,peptide 29 (Derived from B1),33.0,-4.3,"HIS168,ASN236,GLN143",yellow
1245.0,DRAMP04240,8.0,KLKLLLLL,Synthetic 1,38.0,-4.2,"HIS168,GLN143",yellow
4844.0,DRAMP20778,8.0,FFFLSRIF,"Temporin-SHf (frogs,amphibians,animals)",34.0,-6.1,"ARG239,GLN143,PRO94,ILE235,GLY234",blue
3349.0,DRAMP18227,7.0,LLDVLLE,Gageostatin B (Bacteriocin),28.0,-5.4,"ARG239,GLN143,GLN143,ALA95",blue
5490.0,DRAMP21433,7.0,AFAKLKK,peptide 10 (Derived from B1),33.0,-5.3,"ARG239,ASN236",blue
4886.0,DRAMP20820,7.0,FRIRVRV,FV7,32.0,-5.1,"ARG239,GLN143,ASP139,THR137,GLY234,GLY234",blue
5498.0,DRAMP21441,7.0,afaKlKK,peptide 18 (Derived from B1),33.0,-5.1,"ARG239,ASN236,ASN236,PRO94,GLY170,TYR233",blue
26.0,DRAMP00201,14.0,SCNCVCGVCCSCSP,Amythiamicin A/B (Bacteriocin),49.0,-4.5,"ARG239,GLN143,GLY170",blue
5484.0,DRAMP21427,7.0,GGGGKKK,peptide 4 (Derived from B1),29.0,-4.3,"ARG239,ASN236,ASP139,ALA95,ILE235",blue
88.0,DRAMP01827,13.0,VLPLISMALGKLL,"Temporin-1La (Temporin 1La; Frogs, amphibians, animals)",48.0,-4.2,"ARG239,ASN236,GLN143",blue
5481.0,DRAMP21424,7.0,KKGKGGG,B1 (De Novo Synthesis),29.0,-4.9,"ASN236,GLN143,LEU96,GLY170",pink
3052.0,DRAMP18248,8.0,KYGDVPLY,Bifidin I(Bacteriocin),31.0,-4.9,"ASN236,GLN143,ILE235",pink
1089.0,DRAMP03991,8.0,KLLKWLLK,L4K3W5 (LlKmWn model peptide),41.0,-4.8,"ASN236,GLN143,ASP139,PRO94,THR237",pink
2533.0,DRAMP04395,5.0,AMVGT,"EP3 (Earthworm,animals)",16.0,-4.7,"ASN236,GLN143,THR137",pink
3983.0,DRAMP04037,7.0,LKLLKKL,Immobilized peptide E07LKK,37.0,-4.5,"ASN236,GLN143,ASP139,THR137",pink
113.0,DRAMP01192,18.0,FLPKLFAKITKKNMAHIR,"Andersonin-Y1 (Frogs, amphibians, animals)",80.0,-4.0,"ASN236,ASN236,GLN143,GLN143,THR137,LEU96,ARG98,THR237",pink
109.0,DRAMP01188,19.0,LALKSGGWLRLFGLKDKKH,"Chensinin-1ZHa (Frogs, amphibians, animals)",82.0,-3.9,"ASN236,GLN143,ASP139,THR137,GLY234",pink
50.0,DRAMP00765,17.0,RPRCWIKIKFRCKSLKF,Piceain 2 (Plants),83.0,-3.8,"ASN236,GLN143,ASP139,ASP139,LEU96,PRO94,ALA172",pink
4819.0,DRAMP02842,6.0,RRWQWR,LfcinB(20-25),31.0,-5.8,"GLN143,GLN143,ASP139,LEU96,LEU96,PRO94",purple
1326.0,DRAMP00031,7.0,GSEIQPR,Lantibiotic carnocin-UI49 (Bacteriocin),27.0,-5.0,"ASN236,ASN236,GLN143,ILE235",orange
5240.0,DRAMP21217,8.0,IRIkIrIK,IK8-2D (Derived from IK8-all L),42.0,-5.0,"ASN236,ASN236,GLN143,ASP139,ASP139,ARG98",orange
5245.0,DRAMP21212,8.0,IRIKIRIK,IK8-all L (De novo synthesis),42.0,-4.6,"ASN236,ASN236,GLN143,ASP139",orange
72.0,DRAMP01082,16.0,ILGKLLSTAAGLLSNL,"Alyteserin-2a (toads, amphibians, animals)",59.0,-4.5,"ASN236,ASN236,GLN143,GLN143,GLN143,ASP140",orange
115.0,DRAMP01195,15.0,FIFPKKNIINSLFGR,"Andersonin-D1 (Frogs, amphibians, animals)",63.0,-3.6,"ASN236,ASP139,ARG98",black
49.0,DRAMP00764,20.0,KSLRPRCWIKIKFRCKSLKF,Piceain 1 (Plants),98.0,-2.8,"ASN236,THR137,PRO94,ARG98,ARG98",black
3469.0,DRAMP18220,6.0,TVYTNA,Fusaricidin C (Bacteriocin),22.0,-5.6,"GLN143,GLY170,ILE235",olive
5486.0,DRAMP21429,7.0,KKLKAFA,peptide 6 (Derived from B1),33.0,-5.4,"GLN143,ASP139,THR137,LEU96,PRO94",olive
3470.0,DRAMP18219,6.0,TVVTQA,Fusaricidin B (Bacteriocin),21.0,-5.0,"GLN143,ILE235",olive
5235.0,DRAMP21222,8.0,IirKIirK,Control-4D (Derived from IK12-all L),42.0,-5.0,"GLN143,GLY170,GLY170,ILE235",olive
5243.0,DRAMP21213,8.0,irikirik,IK8-all D (Derived from IK8-all L),42.0,-5.0,"GLN143,ASP139,THR137,THR137,ILE235,THR237",olive
995.0,DRAMP03868,8.0,RIWVIWRR,Bac8c (Bac2A variant),37.0,-4.9,"GLN143,THR169,TYR233,GLY234",olive
1086.0,DRAMP03988,7.0,LLKWLKK,L3K3W4 (LlKmWn model peptide),37.0,-4.8,"GLN143,ASP139",olive
5495.0,DRAMP21438,7.0,KKKlafa,peptide 15 (Derived from B1),33.0,-4.6,"GLN143,ASP139,LEU96,PRO94",olive
4933.0,DRAMP20872,6.0,GLLKRI,Pal-ano-6 (Pal-anoplin peptide derivative),27.0,-4.5,"GLN143,GLY170,GLY170",olive
5238.0,DRAMP21220,8.0,IIRKIIRK,Control-all L (Derived from IK12-all L),42.0,-4.5,GLN143,olive
1088.0,DRAMP03990,8.0,LLKWLKKL,L4K3W4 (LlKmWn model peptide),41.0,-4.3,GLN143,olive
5488.0,DRAMP21431,7.0,KKLKAFA,peptide 8 (Derived from B1),33.0,-4.2,"GLN143,ASP139,ASP139,ASP139,PRO94,ARG98",olive
5500.0,DRAMP21443,7.0,afaKlKK,peptide 20 (Derived from B1),33.0,-5.3,"ASP139,ASP139,ILE235",grey
994.0,DRAMP03867,8.0,RIWVIRWR,Bac8b (Bac2A variant),37.0,-5.0,"ASP139,PRO94,PRO94,GLY234",grey
167.0,DRAMP01350,11.0,FCTMIPIPRCY,"Tigerinin-1 (Frogs, amphibians, animals)",42.0,-5.0,"ASP139,THR237,THR237",grey
2534.0,DRAMP04394,5.0,AMVSS,"EP2 (Earthworm,animals)",18.0,-4.5,"ASP139,THR169",grey
3309.0,DRAMP18229,2.0,LE,Gageotetrin A (Bacteriocin),9.0,-4.3,"THR231,THR231",mustard
5236.0,DRAMP21221,8.0,iirkiirk,Control-all D (Derived from IK12-all L),42.0,-4.3,THR137,mustard
5493.0,DRAMP21436,7.0,AFALKKK,peptide 13 (Derived from B1),33.0,-4.3,"GLY170,ILE235",lemon
993.0,DRAMP03866,8.0,KIWVIRWR,Bac8a (Bac2A variant),38.0,-4.5,No H interaction,
,,,,,,,,
,,,,,,,,
,,,,,,,,
,,,,,,,,
