Peptide#,DRAMP ID,Size,Sequence,Name,TORSDOF,Docking Score,Interacting Residues,
3309,DRAMP18229,2,LE,Gageotetrin A (Bacteriocin),9,-4.3,"THR231,THR231",x2 means forming 2 bonds with that residue
3219,DRAMP18235,4,LLEL,Gageopeptide D(Bacteriocin),17,-4.6,"HIS168,GLN143",
3239,DRAMP18233,4,LLLE,Gageopeptide B(Bacteriocin),17,-4.6,"HIS168,GLN143",
3240,DRAMP18234,4,LLEL,Gageopeptide C(Bacteriocin),17,-4.9,"HIS168,GLN143",
3296,DRAMP18230,4,LLLE,Gageotetrin B (Bacteriocin),17,-5.0,"HIS168,GLN143,ASN236,ASN236",
3297,DRAMP18231,4,LLLE,Gageotetrin C (Bacteriocin),17,-4.8,"HIS168,GLN143,ASN236",
3298,DRAMP18232,4,LLEL,Gageopeptide A(Bacteriocin),17,-5.0,"HIS168,GLN143",
5241,DRAMP21215,4,irik,IK4-all D (Derived from IK8-all L),21,-4.9,"HIS168,GLN143",
2533,DRAMP04395,5,AMVGT,"EP3 (Earthworm,animals)",16,-4.7,"THR137,GLN143,ASN236",
2534,DRAMP04394,5,AMVSS,"EP2 (Earthworm,animals)",18,-4.5,"ASP139,THR169",
4020,DRAMP04172,5,WLKKW,LK2W2 (LlKmW2 model peptides),26,-5.1,HIS168,
4021,DRAMP04173,5,WLLKW,L2KW2 (LlKmW2 model peptides),23,-5.8,"HIS168,ARG239,ASN236",
4934,DRAMP20873,5,GLLKR,Pal-ano-5 (Pal-anoplin peptide derivative),23,-4.5,"HIS168,HIS168,GLN143",
1005,DRAMP03881,6,RRWWWR,LFB-6RW (derivative of bovine lactoferrin with residues substitution),30,-5.8,"HIS168,ASP139",
1437,DRAMP18337,6,ATQSHQ,S. amritsarensis lipopeptide (Bacteriocin),24,-5.1,"HIS168,GLN143,ASP139,ARG239",
2442,DRAMP18309,6,WAIVLL,Baceridin(Bacteriocin),21,-5.9,"HIS168,GLN143",
3292,DRAMP02930,6,HSPGGA,"Antimicrobial protein 2 (crabs, Arthropods, animals)",15,-5.4,"THR137,HIS168,GLN143,ASN236",
3461,DRAMP18221,6,TVYTQA,Fusaricidin D (Bacteriocin),23,-5.5,"GLN143,HIS168,ASP139",
3469,DRAMP18220,6,TVYTNA,Fusaricidin C (Bacteriocin),22,-5.6,"GLY170,ILE235,GLN143",
3470,DRAMP18219,6,TVVTQA,Fusaricidin B (Bacteriocin),21,-5.0,"GLN143,ILE235",
3475,DRAMP18218,6,TVVTNA,Fusaricidin A (Bacteriocin),20,-5.8,"HIS168,GLN143",
4707,DRAMP18641,6,TWWRWW,KCM11,26,-6.2,"THR137,HIS168,THR169,ASN236,ARG239",
4708,DRAMP18642,6,KWRWIW,KCM12,29,-6.3,"GLN143,HIS168,HIS168,TYR233",
4709,DRAMP18643,6,KWWWRW,KCM21,29,-5.8,"PRO94,PRO94,GLN143,HIS168,ASP139,ASN236",
4710,DRAMP18644,6,WRWFIH,KRS22,26,-6.0,"GLN143,HIS168",
4819,DRAMP02842,6,RRWQWR,LfcinB(20-25),31,-5.8,"PRO94,LEU96,LEU96,ASP139,GLN143,GLN143",
4933,DRAMP20872,6,GLLKRI,Pal-ano-6 (Pal-anoplin peptide derivative),27,-4.5,"GLN143,GLY170,GLY170",
5244,DRAMP21214,6,irikir,IK6-all D (Derived from IK8-all L),31,-5.1,"GLN143,HIS168",
51,DRAMP00766,7,KVFLGLK,JCpep7 (Plants),31,-4.8,"GLN143,HIS168,ASP139,ARG239",
1086,DRAMP03988,7,LLKWLKK,L3K3W4 (LlKmWn model peptide),37,-4.8,"GLN143,ASP139",
1087,DRAMP03989,7,LLKWLLK,L4K2W4 (LlKmWn model peptide),34,-5.4,"GLN143,HIS168",
1218,DRAMP04174,7,KWLKKWL,L2K3W2 (LlKmW2 model peptides),37,-5.0,"GLN143,GLN143,HIS168,HIS168,ASN236,THR137,PRO94",
1219,DRAMP04175,7,KWLLKWL,L3K2W2 (LlKmW2 model peptides),34,-5.5,"GLN143,HIS168,ILE235",
1326,DRAMP00031,7,GSEIQPR,Lantibiotic carnocin-UI49 (Bacteriocin),27,-5.0,"GLN143,ILE235,ASN236,ASN236",
3308,DRAMP18228,7,LLDVLLE,Gageostatin C (Bacteriocin),28,-5.5,"ARG98,GLN143,HIS168,ASN236",
3349,DRAMP18227,7,LLDVLLE,Gageostatin B (Bacteriocin),28,-5.4,"GLN143,GLN143,ARG239,ALA95",
3366,DRAMP18226,7,LLDVLLE,Gageostatin A (Bacteriocin),28,-5.6,"GLN143,HIS168,ALA172,ASP139",
3983,DRAMP04037,7,LKLLKKL,Immobilized peptide E07LKK,37,-4.5,"ASN236,THR137,ASP139,GLN143",
4674,DRAMP18612,7,KIIKVVK,LL-III/10 (Lasioglossin LL-III peptide derivative),35,-4.6,"GLN143,HIS168, ASP139",
4785,DRAMP18719,7,DDDDDDD,"SAAP fraction 3 (Surfactant-associated anionic peptides; Asp-rich; sheep, ruminant, mammals, animals)",28,-5.3,"GLN143,HIS168,ASN236,ARG239",
4886,DRAMP20820,7,FRIRVRV,FV7,32,-5.1,"GLN143,ARG239,ASP139,THR137,GLY234,GLY234",
4932,DRAMP20871,7,GLLKRIK,Pal-ano-7 (Pal-anoplin peptide derivative),34,-4.3,"GLN143,HIS168",
5481,DRAMP21424,7,KKGKGGG,B1 (De Novo Synthesis),29,-4.9,"GLN143,ASN236,LEU96,GLY170",
5482,DRAMP21425,7,KKGKGGG,peptide 2 (Derived from B1),29,-4.9,"GLN143,HIS168,HIS168,ALA95",
5483,DRAMP21426,7,KKKGGGG,peptide 3 (Derived from B1),29,-4.8,"GLN143,HIS168",
5484,DRAMP21427,7,GGGGKKK,peptide 4 (Derived from B1),29,-4.3,"ARG239,ASP139,ALA95,ASN236,ILE235",
5485,DRAMP21428,7,GGGKGKK,peptide 5 (Derived from B1),29,-4.7,"HIS168,ASN236,PRO94,GLY170",
5486,DRAMP21429,7,KKLKAFA,peptide 6 (Derived from B1),33,-5.4,"GLN143,ASP139,PRO94,THR137,LEU96",
5487,DRAMP21430,7,KKKLAFA,peptide 7 (Derived from B1),33,-5.0,"GLN143,HIS168,ASN236",
5488,DRAMP21431,7,KKLKAFA,peptide 8 (Derived from B1),33,-4.2,"ARG98,GLN143,ASP139,ASP139,ASP139,PRO94",
5489,DRAMP21432,7,KKKLAFA,peptide 9 (Derived from B1),33,-4.5,"GLN143,HIS168,ALA95",
5490,DRAMP21433,7,AFAKLKK,peptide 10 (Derived from B1),33,-5.3,"ASN236,ARG239",
5491,DRAMP21434,7,AFAKLKK,peptide 11 (Derived from B1),33,-5.3,"GLN143,HIS168,PRO94",
5492,DRAMP21435,7,AFALKKK,peptide 12 (Derived from B1),33,-5.7,"PRO94,THR137,GLN143,HIS168",
5493,DRAMP21436,7,AFALKKK,peptide 13 (Derived from B1),33,-4.3,"ILE235,GLY170",
5494,DRAMP21437,7,KKlKafa,peptide 14 (Derived from B1),33,-5.0,"HIS168,ARG239,LEU96",
5495,DRAMP21438,7,KKKlafa,peptide 15 (Derived from B1),33,-4.6,"GLN143,ASP139,PRO94,LEU96",
5496,DRAMP21439,7,KKKlafa,peptide 16 (Derived from B1),33,-5.0,"GLN143,HIS168,ARG239,ILE235",
5497,DRAMP21440,7,KKlKafa,peptide 17 (Derived from B1),33,-5.0,"GLN143,HIS168,GLY234,ILE235",
5498,DRAMP21441,7,afaKlKK,peptide 18 (Derived from B1),33,-5.1,"ARG239,PRO94,TYR233,ASN236,ASN236,GLY170",
5499,DRAMP21442,7,afalKKK,peptide 19 (Derived from B1),33,-4.8,"GLN143,HIS168",
5500,DRAMP21443,7,afaKlKK,peptide 20 (Derived from B1),33,-5.3,"ILE235,ASP139,ASP139",
5501,DRAMP21444,7,afalKKK,peptide 21 (Derived from B1),33,-5.4,"GLN143,HIS168,ILE235",
5502,DRAMP21445,7,KKKLAYA,peptide 22 (Derived from B1),34,-4.5,"GLN143,HIS168,PRO94,THR137,GLY170,ILE235",
5505,DRAMP21448,7,KKKlaya,peptide 25 (Derived from B1),34,-4.9,"ASP139,ALA95,GLN143,HIS168,PRO94,THR137",
5508,DRAMP21451,7,KKKlaya,peptide 28 (Derived from B1),34,-4.9,"GLN143,HIS168,HIS168,ILE235",
5509,DRAMP21452,7,KKKLAFA,peptide 29 (Derived from B1),33,-4.3,"GLN143,HIS168,ASN236",
782,DRAMP02999,8,PFKISIHL,"Jellein-1 (Jelleine-I; chain of Major royal jelly protein 1; Insects, animals)",32,-4.9,"ASN236,GLN143,HIS168",
993,DRAMP03866,8,KIWVIRWR,Bac8a (Bac2A variant),38,-4.5,NO H-BONDS,
994,DRAMP03867,8,RIWVIRWR,Bac8b (Bac2A variant),37,-5.0,"GLY234,PRO94,PRO94,ASP139",
995,DRAMP03868,8,RIWVIWRR,Bac8c (Bac2A variant),37,-4.9,"GLN143,GLY234,TYR233,THR169",
996,DRAMP03869,8,RRWVIWRR,Bac8d (Bac2A variant),39,-5.6,"HIS168,ASN236,LEU96",
1088,DRAMP03990,8,LLKWLKKL,L4K3W4 (LlKmWn model peptide),41,-4.3,GLN143,
1089,DRAMP03991,8,KLLKWLLK,L4K3W5 (LlKmWn model peptide),41,-4.8,"GLN143,PRO94,ASP139,ASN236,THR237",
1245,DRAMP04240,8,KLKLLLLL,Synthetic 1,38,-4.2,"GLN143,HIS168",
3052,DRAMP18248,8,KYGDVPLY,Bifidin I(Bacteriocin),31,-4.9,"GLN143,ASN236,ILE235",
3059,DRAMP18247,8,DWTXWSXL,Bacthuricin F4(Bacteriocin),28,-5.7,"GLN143,HIS168,ILE235",
4583,DRAMP18503,8,WKSYVRRW,TSG-11 (Ixosin-B peptide derivative),39,-5.6,"HIS168,ARG239,LEU96,LEU96,PRO94,PRO94",
4844,DRAMP20778,8,FFFLSRIF,"Temporin-SHf (frogs,amphibians,animals)",34,-6.1,"PRO94,GLN143,ARG239,GLY234,ILE235",
4931,DRAMP20870,8,GLLKRIKT,Pal-ano-8 (Pal-anoplin peptide derivative),38,-4.4,"GLN143,HIS168,HIS168,ASN236,ASN236",
5235,DRAMP21222,8,IirKIirK,Control-4D (Derived from IK12-all L),42,-5.0,"GLN143,ILE235,GLY170,GLY170",
5236,DRAMP21221,8,iirkiirk,Control-all D (Derived from IK12-all L),42,-4.3,THR137,
5238,DRAMP21220,8,IIRKIIRK,Control-all L (Derived from IK12-all L),42,-4.5,GLN143,
5240,DRAMP21217,8,IRIkIrIK,IK8-2D (Derived from IK8-all L),42,-5.0,"ARG98,GLN143,ASN236,ASN236,ASP139,ASP139",
5242,DRAMP21216,8,IrIkIrIk,IK8-4D (Derived from IK8-all L),42,-4.7,"GLN143,HIS168",
5243,DRAMP21213,8,irikirik,IK8-all D (Derived from IK8-all L),42,-5.0,"GLN143,ILE235,ASP139,THR137,THR137,THR237",
5245,DRAMP21212,8,IRIKIRIK,IK8-all L (De novo synthesis),42,-4.6,"GLN143,ASN236,ASN236,ASP139",
5363,DRAMP21305,8,RRRRRRRR,R8 (De novo synthesis),48,-4.8,"GLN143,HIS168,ILE235,ASP139",
696,DRAMP18371,9,VGVGGGFGR,"Crinicepsin-1 (insects, arthropods, invertebrates, animals)",26,-5.8,"HIS168,ASN236,GLN143",
187,DRAMP03542,10,HKTDSFVGLM,"Neurokinin A (NKA; chicken, animals)",41,-5.2,"GLY170,HIS168,GLN143",
167,DRAMP01350,11,FCTMIPIPRCY,"Tigerinin-1 (Frogs, amphibians, animals)",42,-5.0,"ASP139,THR237,THR237",
168,DRAMP01351,12,RVCFAIPLPICH,"Tigerinin-2 (Frogs, amphibians, animals)",41,-5.2,"HIS168,ASP139,ASP139,GLN143,ASP139",
88,DRAMP01827,13,VLPLISMALGKLL,"Temporin-1La (Temporin 1La; Frogs, amphibians, animals)",48,-4.2,"GLN143,ARG239,ASN236",
26,DRAMP00201,14,SCNCVCGVCCSCSP,Amythiamicin A/B (Bacteriocin),49,-4.5,"GLN143,GLY170,ARG239",
115,DRAMP01195,15,FIFPKKNIINSLFGR,"Andersonin-D1 (Frogs, amphibians, animals)",63,-3.6,"ARG98,ASP139,ASN236",
72,DRAMP01082,16,ILGKLLSTAAGLLSNL,"Alyteserin-2a (toads, amphibians, animals)",59,-4.5,"ASP140,ASN236,ASN236,GLN143,GLN143,GLN143",
50,DRAMP00765,17,RPRCWIKIKFRCKSLKF,Piceain 2 (Plants),83,-3.8,"ALA172,ASN236,LEU96,ASP139,ASP139,PRO94,GLN143",
113,DRAMP01192,18,FLPKLFAKITKKNMAHIR,"Andersonin-Y1 (Frogs, amphibians, animals)",80,-4.0,"ARG98,GLN143,GLN143,ASN236,ASN236,THR137,THR237,LEU96",
109,DRAMP01188,19,LALKSGGWLRLFGLKDKKH,"Chensinin-1ZHa (Frogs, amphibians, animals)",82,-3.9,"GLN143,ASN236,GLY234,THR137,ASP139",
49,DRAMP00764,20,KSLRPRCWIKIKFRCKSLKF,Piceain 1 (Plants),98,-2.8,"ARG98,ARG98,ASN236,PRO94,THR137",